,Labels,First Fit Times,First Fit Decreasing Times,Next Fit Times,Next Fit Decreasing Times,Best Fit Times,Best Fit Decreasing Times,Djang-Fitch Times,Djang-Fitch 2 Times
0,"[0.2, 0.15, 0.05, 0.6, 0.5, 0.1, 0.4, 1, 5]",0.014664000000000002,0.00485,0.012888,0.00498,0.016918000000000002,0.031299,0.031184000000000003,0.118134
1,"[0.2, 0.15, 0.05, 0.6, 0.35, 0.2, 0.45, 1, 1]",0.00595,0.004606000000000001,0.005548,0.00494,0.010688000000000001,0.015872,0.022283,0.094252
2,"[0.1, 0.1, 0.25, 0.55, 0.25, 0.2, 0.55, 1, 7]",0.0051790000000000004,0.005233000000000001,0.004893000000000001,0.004443,0.010962000000000001,0.010143000000000001,0.017985,0.031986
3,"[0.1, 0.3, 0.0, 0.6, 0.35, 0.15, 0.5, 1, 5]",0.004717000000000001,0.004602,0.005149,0.004675,0.010255,0.017332,0.02663,0.114086
4,"[0.2, 0.2, 0.15, 0.45, 0.65, 0.2, 0.15, 1, 5]",0.004812,0.005157,0.004675,0.005065,0.008425,0.008362000000000001,0.01924,0.06354900000000001
5,"[0.05, 0.0, 0.1, 0.85, 0.5, 0.2, 0.3, 1, 1]",0.005444,0.004841000000000001,0.005431,0.0045190000000000004,0.007268,0.0070220000000000005,0.017183,0.029768000000000003
6,"[0.2, 0.25, 0.15, 0.4, 0.55, 0.25, 0.2, 1, 5]",0.004649,0.004757,0.005372,0.004520000000000001,0.0112,0.015626,0.020868,0.06922400000000001
7,"[0.15, 0.3, 0.0, 0.55, 0.6, 0.15, 0.25, 1, 5]",0.005248,0.004929,0.004723000000000001,0.0052910000000000006,0.0119,0.011716,0.021976000000000002,0.061926
8,"[0.15, 0.0, 0.15, 0.7, 0.4, 0.25, 0.35, 1, 5]",0.006329,0.00512,0.006155000000000001,0.004893000000000001,0.011083,0.0119,0.021462000000000002,0.054151000000000005
9,"[0.35, 0.1, 0.2, 0.35, 0.65, 0.1, 0.25, 1, 5]",0.0068720000000000005,0.005303,0.006817,0.00536,0.013744000000000001,0.019155000000000002,0.017601000000000002,0.069539
10,"[0.25, 0.25, 0.0, 0.5, 0.55, 0.15, 0.3, 1, 5]",0.004965000000000001,0.004477,0.005568,0.004588,0.013026000000000001,0.017216000000000002,0.018813,0.059928
11,"[0.25, 0.15, 0.1, 0.5, 0.6, 0.2, 0.2, 1, 5]",0.006128000000000001,0.005189,0.005588,0.005077,0.016051,0.017687,0.01933,0.050299
12,"[0.1, 0.15, 0.05, 0.7, 0.4, 0.2, 0.4, 1, 5]",0.004707,0.005498,0.005442000000000001,0.004623,0.00907,0.011229000000000001,0.020695,0.063639
13,"[0.4, 0.15, 0.05, 0.4, 0.6, 0.15, 0.25, 1, 1]",0.005750000000000001,0.0054340000000000005,0.0051340000000000005,0.005596,0.01203,0.017112000000000002,0.019703000000000002,0.059303
14,"[0.25, 0.15, 0.2, 0.4, 0.6, 0.15, 0.25, 1, 5]",0.006174000000000001,0.004449000000000001,0.005750000000000001,0.004471,0.012747000000000001,0.017895,0.021286000000000003,0.09731500000000001
15,"[0.2, 0.05, 0.1, 0.65, 0.6, 0.05, 0.35, 1, 7]",0.005481000000000001,0.004967,0.0049380000000000005,0.004845,0.007785,0.011027,0.018906000000000003,0.038264
16,"[0.2, 0.05, 0.05, 0.7, 0.4, 0.1, 0.5, 1, 5]",0.005745,0.00461,0.005061,0.004773,0.010529,0.01288,0.019749000000000003,0.088691
17,"[0.1, 0.2, 0.0, 0.7, 0.45, 0.15, 0.4, 1, 5]",0.005436000000000001,0.004588,0.0051860000000000005,0.004472,0.009189000000000001,0.016182000000000002,0.026406000000000002,0.091433
18,"[0.3, 0.15, 0.2, 0.35, 0.75, 0.15, 0.1, 1, 5]",0.005648,0.005135000000000001,0.006246000000000001,0.0057740000000000005,0.008418,0.013753000000000001,0.022133,0.054717
19,"[0.15, 0.25, 0.1, 0.5, 0.55, 0.25, 0.2, 1, 5]",0.005511,0.005444,0.004776000000000001,0.005432,0.009677,0.009174,0.0223,0.063874
20,"[0.2, 0.05, 0.0, 0.75, 0.65, 0.05, 0.3, 1, 5]",0.005496,0.0046700000000000005,0.0054600000000000004,0.004524,0.009158000000000001,0.012741,0.022504,0.061016
21,"[0.2, 0.1, 0.25, 0.45, 0.5, 0.25, 0.25, 1, 7]",0.005857,0.004895,0.006154000000000001,0.004919000000000001,0.00837,0.008225,0.019676000000000003,0.04324
22,"[0.1, 0.1, 0.05, 0.75, 0.35, 0.25, 0.4, 1, 5]",0.005645000000000001,0.00447,0.005285000000000001,0.005348,0.010059,0.009772000000000001,0.017888,0.041062
23,"[0.0, 0.1, 0.15, 0.75, 0.35, 0.2, 0.45, 1, 1]",0.005235,0.0048790000000000005,0.0057740000000000005,0.004252000000000001,0.013257000000000001,0.011921000000000001,0.018541000000000002,0.036372
24,"[0.1, 0.2, 0.15, 0.55, 0.6, 0.15, 0.25, 1, 5]",0.0048130000000000004,0.0043760000000000005,0.00479,0.004022,0.011174,0.014737,0.020939000000000003,0.07699700000000001
25,"[0.1, 0.1, 0.1, 0.7, 0.45, 0.2, 0.35, 1, 5]",0.006039,0.004877,0.005466,0.0051340000000000005,0.014816000000000001,0.012196,0.021527,0.07363800000000001
26,"[0.1, 0.25, 0.05, 0.6, 0.7, 0.2, 0.1, 1, 5]",0.005183,0.004751,0.00449,0.00447,0.007309,0.007437,0.021676,0.058724000000000005
27,"[0.1, 0.15, 0.2, 0.55, 0.45, 0.0, 0.55, 1, 1]",0.005745,0.0051990000000000005,0.005118,0.005315,0.007188000000000001,0.011067,0.017925,0.051936
28,"[0.25, 0.05, 0.2, 0.5, 0.6, 0.0, 0.4, 1, 1]",0.0050940000000000004,0.004149,0.005675,0.004139,0.007221000000000001,0.010874,0.016837,0.07616200000000001
29,"[0.1, 0.05, 0.15, 0.7, 0.5, 0.2, 0.3, 1, 7]",0.004801000000000001,0.004571,0.004978000000000001,0.005168000000000001,0.009601,0.016009000000000002,0.018009,0.031974
30,"[0.15, 0.1, 0.1, 0.65, 0.55, 0.2, 0.25, 1, 5]",0.005249,0.0047090000000000005,0.005098,0.0046370000000000005,0.009195,0.016171,0.023052000000000003,0.07309600000000001
31,"[0.05, 0.25, 0.1, 0.6, 0.55, 0.15, 0.3, 1, 5]",0.004437,0.00462,0.005424,0.004318000000000001,0.015515000000000001,0.016418000000000002,0.024777,0.11913900000000001
32,"[0.2, 0.2, 0.2, 0.4, 0.65, 0.2, 0.15, 1, 5]",0.005257,0.005126,0.005233000000000001,0.005203,0.009828,0.01276,0.023784000000000003,0.06431300000000001
33,"[0.05, 0.15, 0.1, 0.7, 0.6, 0.2, 0.2, 1, 5]",0.0049570000000000005,0.004653,0.005716000000000001,0.005295,0.010002,0.007019,0.021001000000000002,0.043878
34,"[0.2, 0.15, 0.0, 0.65, 0.5, 0.15, 0.35, 1, 1]",0.004900000000000001,0.005141000000000001,0.005796,0.0048130000000000004,0.009797,0.011472000000000001,0.018991,0.052737000000000006
35,"[0.15, 0.2, 0.1, 0.55, 0.5, 0.2, 0.3, 1, 1]",0.006525,0.005061,0.006034,0.005635,0.016023000000000003,0.01584,0.018934000000000003,0.08343500000000001
36,"[0.1, 0.15, 0.1, 0.65, 0.3, 0.15, 0.55, 1, 1]",0.005301,0.005594,0.0057090000000000005,0.004601,0.011199,0.010904,0.017511000000000002,0.041695
37,"[0.15, 0.15, 0.05, 0.65, 0.55, 0.05, 0.4, 1, 5]",0.00527,0.00561,0.005391,0.005092,0.010821,0.012231,0.021285000000000002,0.11534000000000001
38,"[0.1, 0.15, 0.2, 0.55, 0.5, 0.2, 0.3, 1, 5]",0.005553000000000001,0.004656,0.005138,0.004646,0.014234,0.017643000000000002,0.02304,0.06867200000000001
39,"[0.05, 0.25, 0.15, 0.55, 0.4, 0.3, 0.3, 1, 1]",0.004741,0.005057000000000001,0.004875,0.004907,0.006599000000000001,0.008331,0.018256,0.055022
40,"[0.05, 0.15, 0.1, 0.7, 0.5, 0.2, 0.3, 1, 5]",0.0048400000000000006,0.004322,0.0049250000000000006,0.004397,0.013392000000000001,0.011720000000000001,0.020447,0.08156200000000001
41,"[0.25, 0.25, 0.15, 0.35, 0.55, 0.2, 0.25, 1, 5]",0.005514000000000001,0.004756000000000001,0.005557,0.004308,0.011534,0.015149000000000001,0.019912000000000003,0.09029300000000001
42,"[0.15, 0.2, 0.1, 0.55, 0.65, 0.15, 0.2, 1, 5]",0.0052840000000000005,0.004795000000000001,0.005281,0.0045000000000000005,0.009476,0.01017,0.021912,0.066119
43,"[0.05, 0.2, 0.1, 0.65, 0.5, 0.25, 0.25, 1, 7]",0.005608,0.004701,0.005589,0.0050230000000000006,0.013588000000000001,0.014360000000000001,0.019933000000000003,0.052804000000000004
44,"[0.1, 0.15, 0.25, 0.5, 0.65, 0.15, 0.2, 1, 5]",0.005149,0.004906000000000001,0.0053950000000000005,0.004242,0.011152,0.010545,0.019607000000000003,0.054904
45,"[0.3, 0.35, 0.1, 0.25, 0.7, 0.2, 0.1, 1, 5]",0.0051730000000000005,0.0057410000000000004,0.005520000000000001,0.005642,0.011761,0.015564000000000001,0.023951,0.056143000000000005
46,"[0.2, 0.05, 0.05, 0.7, 0.55, 0.1, 0.35, 1, 5]",0.005241,0.005188,0.0052970000000000005,0.004989,0.012519,0.012845,0.018822000000000002,0.039388
47,"[0.2, 0.15, 0.05, 0.6, 0.45, 0.15, 0.4, 1, 5]",0.0056960000000000005,0.004662,0.006517,0.00451,0.011118000000000001,0.011634,0.023704000000000003,0.11827900000000001
48,"[0.2, 0.1, 0.1, 0.6, 0.5, 0.15, 0.35, 1, 5]",0.004832,0.0051340000000000005,0.004961,0.004954,0.013954000000000001,0.016484000000000002,0.021991,0.059583000000000004
49,"[0.05, 0.25, 0.05, 0.65, 0.6, 0.1, 0.3, 1, 0]",0.0053490000000000005,0.0043430000000000005,0.005316,0.004394,0.011832,0.016202,0.018330000000000003,0.068105
50,"[0.25, 0.2, 0.05, 0.5, 0.5, 0.1, 0.4, 1, 5]",0.00526,0.004934,0.005672,0.004893000000000001,0.01352,0.015379,0.022725000000000002,0.072808
51,"[0.1, 0.15, 0.2, 0.55, 0.4, 0.35, 0.25, 1, 1]",0.005379,0.005502,0.005899000000000001,0.0050940000000000004,0.009089,0.009275,0.017946,0.06088300000000001
52,"[0.15, 0.05, 0.15, 0.65, 0.45, 0.2, 0.35, 1, 1]",0.005449000000000001,0.005237,0.005536,0.005113,0.011813,0.014295,0.020028,0.06421
53,"[0.3, 0.1, 0.0, 0.6, 0.6, 0.05, 0.35, 1, 5]",0.004968,0.004939000000000001,0.005239000000000001,0.004891,0.015901000000000002,0.015961,0.019345,0.047471000000000006
54,"[0.1, 0.1, 0.1, 0.7, 0.45, 0.05, 0.5, 1, 5]",0.0057810000000000005,0.004933,0.005412,0.0052380000000000005,0.008179,0.012338,0.020652,0.044485000000000004
55,"[0.15, 0.3, 0.15, 0.4, 0.6, 0.2, 0.2, 1, 5]",0.005281,0.0049050000000000005,0.006007,0.005001,0.010838,0.017293,0.024558,0.11200600000000001
56,"[0.15, 0.1, 0.05, 0.7, 0.6, 0.25, 0.15, 1, 1]",0.005821000000000001,0.004863,0.0061270000000000005,0.005102000000000001,0.009497,0.014064,0.019144,0.052017
57,"[0.1, 0.1, 0.15, 0.65, 0.35, 0.35, 0.3, 1, 5]",0.005352,0.005214000000000001,0.005789000000000001,0.004762000000000001,0.009127000000000001,0.010952,0.018857000000000002,0.049038000000000005
58,"[0.2, 0.1, 0.15, 0.55, 0.65, 0.05, 0.3, 1, 1]",0.004517,0.0049440000000000005,0.004576,0.0050420000000000005,0.0059510000000000006,0.007355,0.018413000000000002,0.049917
59,"[0.15, 0.1, 0.15, 0.6, 0.3, 0.25, 0.45, 1, 5]",0.0054150000000000005,0.004626,0.005469000000000001,0.0046890000000000005,0.010771000000000001,0.014656,0.019483,0.071381
60,"[0.15, 0.25, 0.05, 0.55, 0.55, 0.2, 0.25, 1, 5]",0.005376000000000001,0.005252000000000001,0.004789000000000001,0.004606000000000001,0.009453000000000001,0.008669000000000001,0.019336000000000002,0.050395
61,"[0.15, 0.25, 0.15, 0.45, 0.55, 0.1, 0.35, 1, 5]",0.005146,0.004758,0.004860000000000001,0.004727,0.013842,0.016978,0.022668,0.087506
62,"[0.15, 0.15, 0.15, 0.55, 0.55, 0.2, 0.25, 1, 1]",0.005707,0.005345,0.005561,0.004407,0.009823,0.008644,0.020278,0.07415000000000001
63,"[0.0, 0.15, 0.2, 0.65, 0.4, 0.25, 0.35, 1, 7]",0.005577,0.005203,0.0054930000000000005,0.0051730000000000005,0.014656,0.013732000000000001,0.020197,0.038697
64,"[0.05, 0.3, 0.15, 0.5, 0.55, 0.2, 0.25, 1, 3]",0.005204,0.004537,0.005511,0.004462000000000001,0.014784,0.01662,0.025306000000000002,0.09982400000000001
65,"[0.2, 0.15, 0.05, 0.6, 0.45, 0.3, 0.25, 1, 5]",0.005589,0.004514000000000001,0.005751,0.005899000000000001,0.008029,0.014803,0.021687,0.098359
66,"[0.35, 0.15, 0.05, 0.45, 0.6, 0.15, 0.25, 1, 3]",0.006869,0.006765,0.006285000000000001,0.005976,0.00864,0.017088000000000002,0.022467,0.050002000000000005
67,"[0.05, 0.35, 0.2, 0.4, 0.6, 0.25, 0.15, 1, 5]",0.005412,0.004935,0.00511,0.005073,0.012038,0.011701000000000001,0.020636,0.081697
68,"[0.25, 0.1, 0.1, 0.55, 0.7, 0.1, 0.2, 1, 5]",0.005350000000000001,0.0048530000000000005,0.006106,0.004482,0.01171,0.017016,0.02372,0.07051
69,"[0.2, 0.3, 0.1, 0.4, 0.65, 0.05, 0.3, 1, 3]",0.005714,0.004823,0.005396000000000001,0.004672,0.00907,0.016382,0.021667000000000002,0.10304100000000001
70,"[0.1, 0.0, 0.15, 0.75, 0.2, 0.25, 0.55, 1, 1]",0.005719,0.004642,0.005860000000000001,0.005209,0.011326000000000001,0.015098,0.018318,0.06865500000000001
71,"[0.1, 0.1, 0.15, 0.65, 0.6, 0.15, 0.25, 1, 5]",0.005706,0.004838,0.00543,0.004847000000000001,0.010356,0.013783,0.021072,0.061872
72,"[0.15, 0.15, 0.0, 0.7, 0.5, 0.15, 0.35, 1, 5]",0.005146,0.005054,0.0054670000000000005,0.005822000000000001,0.011973000000000001,0.013851,0.022330000000000003,0.051028000000000004
73,"[0.15, 0.15, 0.05, 0.65, 0.55, 0.05, 0.4, 1, 5]",0.005183,0.004699,0.005332,0.004708,0.010532000000000001,0.01054,0.021663,0.06478500000000001
74,"[0.2, 0.3, 0.1, 0.4, 0.65, 0.15, 0.2, 1, 5]",0.00634,0.004928,0.005955,0.005119,0.012182,0.015788,0.021379000000000002,0.08894500000000001
75,"[0.3, 0.1, 0.05, 0.55, 0.65, 0.05, 0.3, 1, 5]",0.005795000000000001,0.00481,0.005403000000000001,0.005092,0.010920000000000001,0.017888,0.017783,0.065235
76,"[0.1, 0.15, 0.05, 0.7, 0.3, 0.2, 0.5, 1, 5]",0.005175,0.004606000000000001,0.005164,0.0044020000000000005,0.00715,0.016050000000000002,0.017223000000000002,0.052500000000000005
77,"[0.25, 0.1, 0.15, 0.5, 0.6, 0.1, 0.3, 1, 5]",0.005603,0.004883,0.00487,0.004816,0.012802000000000001,0.016868,0.021188000000000002,0.09824500000000001
78,"[0.1, 0.15, 0.1, 0.65, 0.5, 0.25, 0.25, 1, 1]",0.005293,0.005035,0.0057940000000000005,0.005079,0.011782,0.012349,0.019600000000000003,0.048307
79,"[0.2, 0.1, 0.15, 0.55, 0.4, 0.1, 0.5, 1, 5]",0.005989,0.005063000000000001,0.006390000000000001,0.0049310000000000005,0.012589000000000001,0.009743,0.018431,0.06289700000000001
80,"[0.1, 0.25, 0.05, 0.6, 0.55, 0.05, 0.4, 1, 5]",0.00502,0.004385,0.004582,0.004569,0.014379000000000001,0.017251000000000002,0.024212,0.076002
81,"[0.15, 0.2, 0.05, 0.6, 0.35, 0.25, 0.4, 1, 5]",0.005168000000000001,0.004749000000000001,0.0059110000000000005,0.00606,0.013664,0.021561,0.025374,0.084812
82,"[0.25, 0.15, 0.05, 0.55, 0.5, 0.2, 0.3, 1, 5]",0.005949,0.004451,0.005319,0.005123,0.010347,0.012157000000000001,0.017451,0.052646000000000005
83,"[0.15, 0.15, 0.05, 0.65, 0.4, 0.2, 0.4, 1, 5]",0.005897,0.004599000000000001,0.004998000000000001,0.0048530000000000005,0.008728000000000001,0.012344,0.021007,0.064614
84,"[0.1, 0.15, 0.15, 0.6, 0.25, 0.2, 0.55, 1, 5]",0.00587,0.004876,0.005982,0.004112,0.007922,0.010780000000000001,0.019856000000000002,0.052774
85,"[0.05, 0.15, 0.05, 0.75, 0.45, 0.1, 0.45, 1, 5]",0.005155000000000001,0.005334,0.005054,0.004489,0.008530000000000001,0.011842,0.016373000000000002,0.028783000000000003
86,"[0.15, 0.15, 0.05, 0.65, 0.35, 0.3, 0.35, 1, 5]",0.005618000000000001,0.005338000000000001,0.005685,0.004584,0.012123,0.010221000000000001,0.018857000000000002,0.035701000000000004
87,"[0.1, 0.2, 0.2, 0.5, 0.5, 0.25, 0.25, 1, 5]",0.006161000000000001,0.0043040000000000005,0.0060360000000000006,0.004198,0.013305,0.017562,0.022338,0.08603300000000001
88,"[0.05, 0.25, 0.1, 0.6, 0.5, 0.15, 0.35, 1, 5]",0.0048660000000000005,0.0040750000000000005,0.004524,0.003978000000000001,0.009663000000000001,0.0102,0.023072000000000002,0.075337
89,"[0.2, 0.1, 0.1, 0.6, 0.5, 0.25, 0.25, 1, 5]",0.005008,0.0051530000000000005,0.005594,0.004698,0.009153000000000001,0.018433,0.021834000000000003,0.07502600000000001
90,"[0.15, 0.2, 0.15, 0.5, 0.45, 0.2, 0.35, 1, 5]",0.005145,0.005037000000000001,0.005364000000000001,0.00419,0.009811,0.013964,0.022522,0.060206
91,"[0.1, 0.1, 0.05, 0.75, 0.35, 0.2, 0.45, 1, 5]",0.004985000000000001,0.0045910000000000005,0.004895,0.004596,0.007281,0.008081,0.019434,0.0366
92,"[0.15, 0.15, 0.05, 0.65, 0.4, 0.25, 0.35, 1, 3]",0.006196,0.005255,0.006207000000000001,0.004374,0.014828000000000001,0.018625000000000003,0.022534000000000002,0.103826
93,"[0.25, 0.05, 0.1, 0.6, 0.5, 0.05, 0.45, 1, 5]",0.005053,0.005109000000000001,0.005307,0.0047020000000000005,0.009993,0.00931,0.015851,0.040233000000000005
94,"[0.15, 0.15, 0.15, 0.55, 0.4, 0.15, 0.45, 1, 5]",0.0053040000000000006,0.004289,0.005508000000000001,0.00464,0.008686000000000001,0.012591000000000001,0.019404,0.056774000000000005
95,"[0.05, 0.25, 0.15, 0.55, 0.4, 0.4, 0.2, 1, 1]",0.004541,0.004843,0.004965000000000001,0.004616,0.008963,0.012871,0.018296,0.048756
96,"[0.2, 0.25, 0.0, 0.55, 0.6, 0.1, 0.3, 1, 3]",0.005226000000000001,0.005133,0.00508,0.005005,0.012377,0.018252,0.023681,0.07885600000000001
97,"[0.2, 0.15, 0.1, 0.55, 0.55, 0.1, 0.35, 1, 5]",0.005724000000000001,0.005050000000000001,0.006067,0.004703000000000001,0.018064,0.022829000000000002,0.018503000000000002,0.099056
98,"[0.05, 0.1, 0.1, 0.75, 0.25, 0.15, 0.6, 1, 1]",0.005308,0.004631000000000001,0.005069000000000001,0.005312000000000001,0.014969000000000001,0.008842000000000001,0.017581,0.040873
99,"[0.15, 0.15, 0.2, 0.5, 0.45, 0.25, 0.3, 1, 5]",0.004746,0.005220000000000001,0.004837,0.004835,0.007383000000000001,0.009763,0.018962,0.06114000000000001
100,"[0.25, 0.15, 0.1, 0.5, 0.6, 0.1, 0.3, 1, 5]",0.004795000000000001,0.0051730000000000005,0.004824,0.005165,0.018076000000000002,0.018684000000000003,0.020627000000000003,0.09184500000000001
101,"[0.2, 0.15, 0.2, 0.45, 0.4, 0.4, 0.2, 1, 5]",0.005548,0.004921,0.005772,0.004860000000000001,0.011234000000000001,0.012795,0.020165000000000002,0.061167000000000006
102,"[0.2, 0.15, 0.05, 0.6, 0.5, 0.15, 0.35, 1, 5]",0.0052250000000000005,0.004342,0.005132,0.005233000000000001,0.008229,0.011157,0.020584,0.059539
103,"[0.1, 0.1, 0.1, 0.7, 0.55, 0.2, 0.25, 1, 3]",0.005084,0.004979,0.004882,0.0045260000000000005,0.009185,0.014068,0.021267,0.060284000000000004
104,"[0.15, 0.15, 0.1, 0.6, 0.5, 0.2, 0.3, 1, 5]",0.005268,0.004566000000000001,0.004438,0.004766,0.008553,0.009337,0.020349000000000003,0.063183
105,"[0.15, 0.2, 0.05, 0.6, 0.45, 0.15, 0.4, 1, 5]",0.005932000000000001,0.005652000000000001,0.005682,0.004789000000000001,0.01001,0.012198,0.020977000000000003,0.058268
106,"[0.1, 0.05, 0.05, 0.8, 0.4, 0.1, 0.5, 1, 1]",0.00589,0.005422000000000001,0.005897,0.00496,0.007384000000000001,0.011974,0.017884,0.031916
107,"[0.15, 0.1, 0.1, 0.65, 0.35, 0.35, 0.3, 1, 1]",0.0055520000000000005,0.00455,0.005351000000000001,0.004504,0.010202000000000001,0.011789,0.017576,0.050201
108,"[0.1, 0.2, 0.05, 0.65, 0.4, 0.2, 0.4, 1, 5]",0.006653,0.004248,0.00581,0.0042380000000000004,0.010627000000000001,0.015732,0.022139000000000002,0.085023
109,"[0.15, 0.2, 0.05, 0.6, 0.45, 0.25, 0.3, 1, 5]",0.004862,0.004684000000000001,0.0050360000000000005,0.004939000000000001,0.012698000000000001,0.017384,0.024387000000000002,0.08694400000000001
110,"[0.15, 0.15, 0.1, 0.6, 0.4, 0.2, 0.4, 1, 7]",0.006122000000000001,0.0042380000000000004,0.005381,0.004560000000000001,0.007350000000000001,0.00931,0.020303,0.06442300000000001
111,"[0.15, 0.05, 0.2, 0.6, 0.5, 0.2, 0.3, 1, 5]",0.005546000000000001,0.0045190000000000004,0.005268,0.00369,0.008654,0.014847,0.024705,0.09449600000000001
112,"[0.3, 0.1, 0.1, 0.5, 0.6, 0.15, 0.25, 1, 5]",0.005379,0.004299,0.0050030000000000005,0.004411,0.009678,0.015701,0.020092000000000002,0.057640000000000004
113,"[0.15, 0.1, 0.05, 0.7, 0.4, 0.1, 0.5, 1, 3]",0.00549,0.00444,0.0046570000000000005,0.0042450000000000005,0.011486000000000001,0.010444,0.018118000000000002,0.0697
114,"[0.1, 0.1, 0.05, 0.75, 0.35, 0.15, 0.5, 1, 1]",0.005213000000000001,0.004688,0.005268,0.004608,0.010054,0.009845000000000001,0.019700000000000002,0.055236
115,"[0.05, 0.1, 0.15, 0.7, 0.25, 0.25, 0.5, 1, 5]",0.004520000000000001,0.005334,0.004906000000000001,0.0048720000000000005,0.008028,0.010749,0.019908000000000002,0.041528
116,"[0.2, 0.1, 0.2, 0.5, 0.5, 0.05, 0.45, 1, 7]",0.005664000000000001,0.005172,0.005385,0.005528,0.007099,0.010376,0.018257000000000002,0.040634
117,"[0.1, 0.15, 0.1, 0.65, 0.45, 0.15, 0.4, 1, 5]",0.006548,0.004856,0.006777,0.005648,0.010578,0.009832,0.019931,0.081779
118,"[0.15, 0.15, 0.2, 0.5, 0.75, 0.15, 0.1, 1, 5]",0.005061,0.0046960000000000005,0.004841000000000001,0.0040160000000000005,0.008359,0.009738,0.020786000000000002,0.060809
119,"[0.15, 0.1, 0.1, 0.65, 0.35, 0.25, 0.4, 1, 5]",0.005783,0.004836,0.006023000000000001,0.005211,0.011656000000000001,0.011354000000000001,0.018342,0.06470100000000001
120,"[0.05, 0.05, 0.2, 0.7, 0.45, 0.2, 0.35, 1, 1]",0.00525,0.005011000000000001,0.0048850000000000005,0.004486,0.008794,0.007415000000000001,0.017111,0.029821
121,"[0.1, 0.2, 0.1, 0.6, 0.55, 0.15, 0.3, 1, 5]",0.007151,0.005749000000000001,0.006332000000000001,0.005687,0.006516,0.015192,0.024554000000000003,0.109533
122,"[0.05, 0.0, 0.15, 0.8, 0.45, 0.15, 0.4, 1, 0]",0.0061660000000000005,0.004564,0.005795000000000001,0.005086,0.010888,0.01052,0.019341,0.035853
123,"[0.2, 0.1, 0.05, 0.65, 0.45, 0.1, 0.45, 1, 7]",0.005795000000000001,0.005390000000000001,0.005716000000000001,0.005580000000000001,0.016672,0.016047000000000002,0.020977000000000003,0.069012
124,"[0.2, 0.3, 0.05, 0.45, 0.65, 0.0, 0.35, 1, 5]",0.005708,0.005301,0.0057480000000000005,0.005118,0.01772,0.018186,0.017686,0.06221
125,"[0.1, 0.15, 0.05, 0.7, 0.5, 0.15, 0.35, 1, 1]",0.005105,0.004311000000000001,0.005115000000000001,0.004309,0.009991,0.011428,0.018159,0.04528
126,"[0.05, 0.15, 0.1, 0.7, 0.5, 0.1, 0.4, 1, 5]",0.004971000000000001,0.004405,0.005307,0.004849,0.017490000000000002,0.021416,0.021271,0.11808500000000001
127,"[0.15, 0.15, 0.15, 0.55, 0.45, 0.2, 0.35, 1, 5]",0.005657000000000001,0.0045980000000000005,0.005908,0.0042320000000000005,0.009668000000000001,0.010711,0.021585,0.061181000000000006
128,"[0.15, 0.1, 0.15, 0.6, 0.5, 0.25, 0.25, 1, 5]",0.005325000000000001,0.004974,0.005649,0.0042380000000000004,0.011356000000000002,0.010012,0.018712,0.061145000000000005
129,"[0.25, 0.15, 0.05, 0.55, 0.65, 0.05, 0.3, 1, 5]",0.005522,0.004963,0.005168000000000001,0.0049250000000000006,0.007770000000000001,0.008334000000000001,0.019111,0.059137
130,"[0.1, 0.15, 0.0, 0.75, 0.6, 0.1, 0.3, 1, 5]",0.004804,0.004516,0.004647,0.004001,0.007679,0.00915,0.020001,0.052475
131,"[0.15, 0.25, 0.15, 0.45, 0.55, 0.3, 0.15, 1, 1]",0.004733,0.004287,0.003969,0.004599000000000001,0.00847,0.009234000000000001,0.017246,0.054138000000000006
132,"[0.3, 0.1, 0.0, 0.6, 0.65, 0.0, 0.35, 1, 1]",0.006607,0.0050360000000000005,0.005907000000000001,0.005292000000000001,0.011252,0.014831,0.017178000000000002,0.077501
133,"[0.2, 0.2, 0.05, 0.55, 0.65, 0.05, 0.3, 1, 5]",0.0050100000000000006,0.004603,0.00509,0.004759,0.014343000000000002,0.020327,0.022914,0.079943
134,"[0.05, 0.1, 0.2, 0.65, 0.35, 0.15, 0.5, 1, 7]",0.0057350000000000005,0.004465,0.005116,0.004711,0.011859000000000001,0.011250000000000001,0.019456,0.060419
135,"[0.2, 0.15, 0.1, 0.55, 0.7, 0.05, 0.25, 1, 3]",0.004878,0.005022,0.005458,0.0047550000000000005,0.008422,0.013264000000000001,0.020311000000000003,0.064621
136,"[0.15, 0.1, 0.1, 0.65, 0.45, 0.1, 0.45, 1, 3]",0.005082000000000001,0.0039900000000000005,0.0057410000000000004,0.0048590000000000005,0.012504000000000001,0.012753,0.019176000000000002,0.066952
137,"[0.1, 0.2, 0.1, 0.6, 0.55, 0.15, 0.3, 1, 5]",0.005729000000000001,0.004900000000000001,0.005432,0.004515,0.010324,0.01098,0.021619000000000003,0.065971
138,"[0.05, 0.05, 0.1, 0.8, 0.55, 0.15, 0.3, 1, 7]",0.0050940000000000004,0.005371,0.005157,0.004804,0.011218,0.010310000000000001,0.017978,0.036713
139,"[0.25, 0.1, 0.0, 0.65, 0.4, 0.15, 0.45, 1, 1]",0.005726,0.004613,0.0054670000000000005,0.004482,0.015219000000000002,0.014466000000000001,0.0212,0.106077
140,"[0.05, 0.15, 0.1, 0.7, 0.55, 0.2, 0.25, 1, 1]",0.0052770000000000004,0.0043630000000000006,0.0050490000000000005,0.004544,0.008543,0.013008,0.02087,0.079393
141,"[0.15, 0.2, 0.1, 0.55, 0.45, 0.15, 0.4, 1, 5]",0.005159,0.005152,0.005168000000000001,0.004606000000000001,0.015189000000000001,0.017184,0.025761000000000003,0.094062
142,"[0.1, 0.0, 0.15, 0.75, 0.5, 0.2, 0.3, 1, 1]",0.006030000000000001,0.004619000000000001,0.0059640000000000006,0.004489,0.012021,0.011595000000000001,0.018873,0.048961000000000005
143,"[0.25, 0.2, 0.05, 0.5, 0.5, 0.2, 0.3, 1, 5]",0.006066,0.005328,0.006783000000000001,0.006573000000000001,0.018412,0.023448,0.022106,0.106089
144,"[0.05, 0.1, 0.15, 0.7, 0.3, 0.1, 0.6, 1, 5]",0.005427,0.004749000000000001,0.005505,0.0038480000000000003,0.009332,0.010245,0.018622,0.030769
145,"[0.05, 0.1, 0.1, 0.75, 0.45, 0.1, 0.45, 1, 5]",0.005164,0.005279000000000001,0.005392,0.005237,0.010444,0.012586,0.019556,0.043742
146,"[0.2, 0.2, 0.05, 0.55, 0.35, 0.35, 0.3, 1, 1]",0.0063560000000000005,0.005305000000000001,0.005366,0.00443,0.010138000000000001,0.014466000000000001,0.020321000000000002,0.053519000000000004
147,"[0.15, 0.15, 0.05, 0.65, 0.55, 0.1, 0.35, 1, 5]",0.0054730000000000004,0.0038880000000000004,0.0050940000000000004,0.004491,0.011955,0.013664,0.018649000000000002,0.065501
148,"[0.3, 0.15, 0.05, 0.5, 0.55, 0.25, 0.2, 1, 5]",0.005840000000000001,0.00564,0.005576,0.005551,0.008927000000000001,0.016621,0.021284,0.054862
149,"[0.25, 0.15, 0.1, 0.5, 0.65, 0.1, 0.25, 1, 4]",0.005562,0.004843,0.004528,0.004902,0.011278000000000002,0.016112,0.020783000000000003,0.087964
150,"[0.2, 0.05, 0.2, 0.55, 0.5, 0.05, 0.45, 1, 5]",0.005282,0.00446,0.004839,0.004453,0.01195,0.013184000000000001,0.020938000000000002,0.07191900000000001
151,"[0.1, 0.25, 0.1, 0.55, 0.35, 0.25, 0.4, 1, 5]",0.005187000000000001,0.004839,0.005191,0.004529,0.013787,0.009796000000000001,0.018955,0.051996
152,"[0.15, 0.25, 0.15, 0.45, 0.65, 0.1, 0.25, 1, 3]",0.005469000000000001,0.00543,0.005540000000000001,0.005647,0.007707,0.010934000000000001,0.020462,0.055577
153,"[0.3, 0.15, 0.05, 0.5, 0.6, 0.25, 0.15, 1, 5]",0.00576,0.005195,0.005710000000000001,0.0060550000000000005,0.014364,0.017602,0.021500000000000002,0.047863
154,"[0.2, 0.05, 0.0, 0.75, 0.5, 0.05, 0.45, 1, 1]",0.006899000000000001,0.004792,0.005601,0.0050490000000000005,0.008932,0.015727,0.020244,0.06628400000000001
155,"[0.3, 0.05, 0.05, 0.6, 0.6, 0.25, 0.15, 1, 5]",0.022884,0.0056370000000000005,0.004784,0.0047290000000000006,0.008309,0.016328000000000002,0.023578,0.055453
156,"[0.1, 0.15, 0.1, 0.65, 0.4, 0.05, 0.55, 1, 5]",0.005072,0.0046500000000000005,0.004698,0.0037340000000000003,0.015368000000000001,0.009272,0.023247,0.07408400000000001
157,"[0.2, 0.05, 0.05, 0.7, 0.5, 0.1, 0.4, 1, 5]",0.005498,0.005039,0.005793,0.004669,0.01047,0.00954,0.017569,0.041529
158,"[0.25, 0.1, 0.05, 0.6, 0.55, 0.15, 0.3, 1, 5]",0.005334,0.0050550000000000005,0.005051,0.004472,0.010444,0.015162,0.021107,0.053930000000000006
159,"[0.25, 0.15, 0.0, 0.6, 0.5, 0.25, 0.25, 1, 5]",0.006045,0.005659,0.0056560000000000004,0.0045000000000000005,0.009121,0.012377,0.019145000000000002,0.049253000000000005
160,"[0.1, 0.1, 0.1, 0.7, 0.5, 0.25, 0.25, 1, 1]",0.005148000000000001,0.004849,0.005256,0.004298000000000001,0.009973000000000001,0.009045000000000001,0.019416000000000003,0.051429
161,"[0.05, 0.2, 0.0, 0.75, 0.5, 0.15, 0.35, 1, 7]",0.005491,0.0050030000000000005,0.005257,0.005021,0.009653,0.009866,0.019782,0.049142000000000005
162,"[0.15, 0.15, 0.0, 0.7, 0.3, 0.25, 0.45, 1, 5]",0.005237,0.00491,0.0048530000000000005,0.0044540000000000005,0.008843,0.015252000000000002,0.019468000000000003,0.064898
163,"[0.05, 0.15, 0.2, 0.6, 0.45, 0.15, 0.4, 1, 7]",0.005377000000000001,0.004804,0.005197,0.004045,0.011957,0.011720000000000001,0.022817,0.05484000000000001
164,"[0.15, 0.15, 0.05, 0.65, 0.6, 0.1, 0.3, 1, 1]",0.005868,0.004516,0.005536,0.005895,0.010972,0.015933000000000003,0.019076000000000003,0.08951200000000001
165,"[0.4, 0.1, 0.1, 0.4, 0.65, 0.05, 0.3, 1, 5]",0.0052840000000000005,0.004318000000000001,0.005123,0.0055910000000000005,0.009535,0.015847,0.019133,0.06286
166,"[0.15, 0.1, 0.1, 0.65, 0.3, 0.4, 0.3, 1, 1]",0.005651000000000001,0.005396000000000001,0.005161000000000001,0.004966,0.010731000000000001,0.012432,0.016563,0.044590000000000005
167,"[0.25, 0.1, 0.2, 0.45, 0.55, 0.2, 0.25, 1, 5]",0.0055720000000000006,0.005131,0.005472,0.005756000000000001,0.012675,0.017149,0.019862,0.071032
168,"[0.0, 0.1, 0.05, 0.85, 0.35, 0.2, 0.45, 1, 5]",0.005559000000000001,0.0048000000000000004,0.0049900000000000005,0.005338000000000001,0.008602,0.010263000000000001,0.016566,0.027651000000000002
169,"[0.15, 0.2, 0.05, 0.6, 0.35, 0.3, 0.35, 1, 5]",0.005497,0.0049180000000000005,0.005713,0.0043360000000000004,0.013246,0.011532,0.018132000000000002,0.052205
170,"[0.15, 0.25, 0.05, 0.55, 0.55, 0.05, 0.4, 1, 5]",0.005776000000000001,0.004832,0.004529,0.0051790000000000004,0.007946,0.013405,0.021923,0.07584500000000001
171,"[0.3, 0.15, 0.1, 0.45, 0.5, 0.1, 0.4, 1, 5]",0.005616,0.005775000000000001,0.005566000000000001,0.005577,0.014171000000000001,0.017418,0.020168000000000002,0.053174000000000006
172,"[0.1, 0.3, 0.0, 0.6, 0.55, 0.05, 0.4, 1, 5]",0.005312000000000001,0.005151,0.005477,0.0046830000000000005,0.020992,0.020095000000000002,0.024124000000000003,0.091794
173,"[0.2, 0.2, 0.0, 0.6, 0.55, 0.1, 0.35, 1, 5]",0.0051340000000000005,0.005261,0.005409000000000001,0.00523,0.011673000000000001,0.017238,0.021599,0.065143
174,"[0.2, 0.1, 0.15, 0.55, 0.7, 0.1, 0.2, 1, 5]",0.004558,0.004695,0.0046040000000000005,0.004168,0.009991,0.011748000000000001,0.019879,0.057281000000000006
175,"[0.1, 0.15, 0.05, 0.7, 0.55, 0.05, 0.4, 1, 1]",0.005144,0.004628,0.004329,0.004765,0.006915,0.009652,0.017221,0.051258000000000005
176,"[0.15, 0.1, 0.15, 0.6, 0.25, 0.25, 0.5, 1, 5]",0.0063880000000000004,0.004778,0.005472,0.005346,0.007295,0.0077150000000000005,0.019469,0.054446
177,"[0.2, 0.1, 0.0, 0.7, 0.6, 0.05, 0.35, 1, 5]",0.005887000000000001,0.004848,0.005605000000000001,0.0049110000000000004,0.008736,0.014084000000000001,0.020404000000000002,0.071466
178,"[0.35, 0.05, 0.1, 0.5, 0.55, 0.2, 0.25, 1, 7]",0.006077000000000001,0.006129000000000001,0.00594,0.005181000000000001,0.013576000000000001,0.019672000000000002,0.021376000000000003,0.048974000000000004
179,"[0.15, 0.15, 0.05, 0.65, 0.3, 0.25, 0.45, 1, 5]",0.005504,0.004769000000000001,0.00529,0.004312,0.010092,0.012627000000000001,0.017911,0.054208000000000006
180,"[0.1, 0.1, 0.05, 0.75, 0.3, 0.15, 0.55, 1, 5]",0.00519,0.0056560000000000004,0.004814000000000001,0.004518,0.008453,0.009770000000000001,0.017308,0.041507
181,"[0.35, 0.1, 0.1, 0.45, 0.6, 0.25, 0.15, 1, 5]",0.0061860000000000005,0.005581,0.006180000000000001,0.0046370000000000005,0.012144,0.017706,0.02104,0.090603
182,"[0.2, 0.2, 0.1, 0.5, 0.8, 0.0, 0.2, 1, 5]",0.006119,0.004891,0.005929,0.004864,0.014306000000000001,0.016595000000000002,0.020696000000000003,0.099065
183,"[0.25, 0.15, 0.15, 0.45, 0.6, 0.15, 0.25, 1, 7]",0.005801000000000001,0.005423000000000001,0.006014,0.005177,0.012947,0.013855000000000001,0.020963000000000002,0.047723
184,"[0.05, 0.05, 0.15, 0.75, 0.45, 0.1, 0.45, 1, 3]",0.005021,0.004769000000000001,0.004945000000000001,0.004052,0.009896,0.009219,0.018942,0.035591000000000005
185,"[0.15, 0.05, 0.1, 0.7, 0.55, 0.05, 0.4, 1, 3]",0.0045190000000000004,0.004856,0.0043950000000000005,0.004688,0.008038,0.014931000000000002,0.018962,0.054581000000000005
186,"[0.25, 0.25, 0.1, 0.4, 0.55, 0.2, 0.25, 1, 5]",0.0055190000000000005,0.005203,0.006327,0.00526,0.013563,0.022591,0.020796000000000002,0.091422
187,"[0.05, 0.2, 0.15, 0.6, 0.45, 0.15, 0.4, 1, 3]",0.005331000000000001,0.00462,0.005017000000000001,0.0049250000000000006,0.00772,0.009884,0.020471,0.050926000000000006
188,"[0.25, 0.25, 0.0, 0.5, 0.55, 0.1, 0.35, 1, 5]",0.005673,0.005350000000000001,0.005442000000000001,0.005227000000000001,0.012092,0.020493,0.023669000000000003,0.10049200000000001
189,"[0.05, 0.1, 0.25, 0.6, 0.45, 0.2, 0.35, 1, 1]",0.006176,0.00555,0.0059570000000000005,0.005163,0.011951000000000002,0.01022,0.017623,0.05901700000000001
190,"[0.1, 0.15, 0.05, 0.7, 0.55, 0.1, 0.35, 1, 1]",0.0054210000000000005,0.005385,0.005007,0.005535,0.016006,0.013253000000000001,0.020833,0.062015
191,"[0.2, 0.15, 0.1, 0.55, 0.6, 0.05, 0.35, 1, 5]",0.004995,0.004378,0.005690000000000001,0.004633,0.014074000000000001,0.015443,0.02231,0.094958
192,"[0.1, 0.2, 0.1, 0.6, 0.45, 0.1, 0.45, 1, 5]",0.005521000000000001,0.00446,0.00587,0.0037020000000000004,0.010938000000000002,0.010636000000000001,0.019423000000000003,0.06707
193,"[0.05, 0.3, 0.25, 0.4, 0.65, 0.25, 0.1, 1, 3]",0.005085,0.004619000000000001,0.005059,0.0046110000000000005,0.010149,0.019012,0.025830000000000002,0.091131
194,"[0.2, 0.0, 0.35, 0.45, 0.55, 0.05, 0.4, 1, 0]",0.005837,0.005873000000000001,0.005561,0.00508,0.011248000000000001,0.014001000000000001,0.013694000000000001,0.035695000000000005
195,"[0.1, 0.25, 0.05, 0.6, 0.6, 0.1, 0.3, 1, 5]",0.0055580000000000004,0.004981,0.0052840000000000005,0.005869,0.014894000000000001,0.01929,0.021219000000000002,0.094672
196,"[0.25, 0.2, 0.1, 0.45, 0.6, 0.15, 0.25, 1, 5]",0.005536,0.00498,0.005608,0.004972000000000001,0.019525,0.024322,0.02146,0.111336
197,"[0.35, 0.15, 0.05, 0.45, 0.7, 0.0, 0.3, 1, 5]",0.005152,0.005163,0.005244,0.005006,0.010641000000000001,0.019012,0.020169000000000003,0.09298200000000001
198,"[0.15, 0.25, 0.05, 0.55, 0.7, 0.1, 0.2, 1, 5]",0.005554000000000001,0.004929,0.005091,0.004907,0.01222,0.012610000000000001,0.02443,0.080033
199,"[0.1, 0.2, 0.05, 0.65, 0.25, 0.25, 0.5, 1, 1]",0.005594,0.0053490000000000005,0.004956,0.004758,0.011725000000000001,0.01039,0.020290000000000002,0.045508
